id,import_id,category,firstname,lastname,email,gender,birthdate,updated_at,deleted_at,created_at
199505,410,health,Casimir,Metz,franecki.valentina@cremin.com,female,"1985-05-03 00:00:00",,,"2023-12-29 17:13:51"
199513,410,health,Norris,Prohaska,lemke.sydnie@cremin.com,male,"1990-03-19 00:00:00",,,"2023-12-29 17:13:51"
199517,410,health,Reba,Boyer,alek.kuhn@bruen.com,female,"1982-05-16 00:00:00",,,"2023-12-29 17:13:51"
199543,410,health,Al,Jerde,orrin22@hotmail.com,female,"1976-12-04 00:00:00",,,"2023-12-29 17:13:51"
199563,410,health,Delfina,Carroll,ikuhn@connelly.net,male,"1990-05-19 00:00:00",,,"2023-12-29 17:13:51"
199570,410,health,Montana,O'Keefe,jspinka@hotmail.com,male,"2004-06-16 00:00:00",,,"2023-12-29 17:13:51"
199572,410,health,Gunnar,Zulauf,scassin@gutmann.com,male,"1995-11-27 00:00:00",,,"2023-12-29 17:13:51"
199581,410,health,Justice,Nienow,awaelchi@rosenbaum.com,female,"1977-03-01 00:00:00",,,"2023-12-29 17:13:51"
199593,410,health,Delmer,Kutch,stroman.abe@hotmail.com,female,"2000-09-23 00:00:00",,,"2023-12-29 17:13:51"
199596,410,health,Kyle,Raynor,rice.leon@yahoo.com,male,"1994-04-12 00:00:00",,,"2023-12-29 17:13:51"
199600,410,health,Gloria,Hintz,laury.abernathy@yahoo.com,female,"1991-08-15 00:00:00",,,"2023-12-29 17:13:51"
199605,410,health,Shannon,Mraz,abernathy.andrew@gmail.com,male,"1977-12-13 00:00:00",,,"2023-12-29 17:13:51"
199608,410,health,Shyann,Hauck,vratke@quigley.info,male,"1982-06-16 00:00:00",,,"2023-12-29 17:13:51"
199610,410,health,Myriam,Kunde,jlockman@vonrueden.com,female,"1986-04-26 00:00:00",,,"2023-12-29 17:13:51"
199625,410,health,Shirley,Kunze,abel.prohaska@hotmail.com,female,"1973-03-24 00:00:00",,,"2023-12-29 17:13:51"
199630,410,health,Corene,Christiansen,stracke.tobin@russel.org,male,"1987-11-16 00:00:00",,,"2023-12-29 17:13:51"
199641,410,health,Mavis,Pagac,tracey.jones@hilpert.com,female,"1995-07-28 00:00:00",,,"2023-12-29 17:13:51"
199645,410,health,Gwen,Watsica,qortiz@lesch.info,male,"1995-04-12 00:00:00",,,"2023-12-29 17:13:51"
199659,410,health,Ruthe,Franecki,malcolm.cummings@russel.biz,female,"1978-05-03 00:00:00",,,"2023-12-29 17:13:51"
199687,410,health,Desmond,Schamberger,block.furman@gottlieb.biz,male,"1993-02-16 00:00:00",,,"2023-12-29 17:13:51"
199691,410,health,Saul,Rice,bkiehn@nienow.com,male,"2002-12-30 00:00:00",,,"2023-12-29 17:13:51"
199713,410,health,Leonor,Littel,stehr.franco@frami.org,male,"1973-08-08 00:00:00",,,"2023-12-29 17:13:51"
199716,410,health,Levi,Goodwin,clarabelle69@yahoo.com,male,"1999-08-27 00:00:00",,,"2023-12-29 17:13:51"
199734,410,health,Rene,Borer,andy.flatley@kessler.org,female,"1985-07-21 00:00:00",,,"2023-12-29 17:13:51"
199736,410,health,Oliver,Connelly,scottie47@gmail.com,male,"2000-06-07 00:00:00",,,"2023-12-29 17:13:51"
199738,410,health,Ana,Hermann,rylan.raynor@becker.biz,female,"1979-08-22 00:00:00",,,"2023-12-29 17:13:51"
199741,410,health,Jazlyn,Quitzon,rosalia.corwin@gmail.com,female,"1992-09-09 00:00:00",,,"2023-12-29 17:13:51"
199745,410,health,Deangelo,Torp,brakus.cristobal@satterfield.com,male,"1991-11-06 00:00:00",,,"2023-12-29 17:13:51"
199750,410,health,Marlin,Yundt,nbosco@yahoo.com,male,"2002-09-03 00:00:00",,,"2023-12-29 17:13:51"
199755,410,health,Malachi,Hill,reinger.porter@gmail.com,male,"1985-03-16 00:00:00",,,"2023-12-29 17:13:51"
199760,410,health,Mckayla,Mitchell,ferry.verdie@yahoo.com,female,"1988-02-25 00:00:00",,,"2023-12-29 17:13:51"
199773,410,health,Rosetta,Ernser,newell55@kulas.net,male,"1977-06-09 00:00:00",,,"2023-12-29 17:13:51"
199775,410,health,Layne,Ledner,henri01@hand.biz,male,"1996-01-10 00:00:00",,,"2023-12-29 17:13:51"
199782,410,health,Kiana,Kohler,gay.bashirian@blanda.com,female,"1983-11-06 00:00:00",,,"2023-12-29 17:13:51"
199796,410,health,Soledad,King,kparisian@mcglynn.com,male,"1975-06-02 00:00:00",,,"2023-12-29 17:13:51"
199806,410,health,Orrin,Weissnat,rodolfo00@hahn.biz,female,"1997-03-31 00:00:00",,,"2023-12-29 17:13:51"
199807,410,health,Amari,Luettgen,sipes.nash@gmail.com,male,"1991-04-07 00:00:00",,,"2023-12-29 17:13:51"
199809,410,health,Clemmie,Frami,stokes.letitia@yahoo.com,female,"1999-03-30 00:00:00",,,"2023-12-29 17:13:51"
199825,410,health,Brandi,Feeney,jarret99@hotmail.com,male,"1991-07-12 00:00:00",,,"2023-12-29 17:13:51"
199845,410,health,Clay,Sanford,upton.roderick@gmail.com,male,"2001-08-01 00:00:00",,,"2023-12-29 17:13:51"
199849,410,health,Sammie,Ratke,cronin.abagail@gmail.com,male,"1971-10-11 00:00:00",,,"2023-12-29 17:13:51"
199854,410,health,Kaela,Bartoletti,wilfredo.grant@stracke.com,male,"1979-10-24 00:00:00",,,"2023-12-29 17:13:51"
199860,410,health,Taya,Gerhold,zlangworth@hudson.info,female,"2003-03-26 00:00:00",,,"2023-12-29 17:13:51"
199865,410,health,Delores,Fahey,hshields@lesch.com,female,"1996-05-30 00:00:00",,,"2023-12-29 17:13:51"
199877,410,health,Jamison,Kiehn,iborer@gmail.com,male,"1976-10-28 00:00:00",,,"2023-12-29 17:13:51"
199886,410,health,Scarlett,Trantow,kadin.wunsch@braun.com,male,"2002-09-13 00:00:00",,,"2023-12-29 17:13:51"
199896,410,health,Alexzander,Effertz,gsimonis@gmail.com,male,"2000-12-04 00:00:00",,,"2023-12-29 17:13:51"
199912,410,health,Kian,Raynor,delaney.fritsch@lehner.com,male,"1982-01-01 00:00:00",,,"2023-12-29 17:13:51"
199918,410,health,Rowena,Wilderman,greenfelder.terrence@roberts.com,male,"1984-08-01 00:00:00",,,"2023-12-29 17:13:51"
199929,410,health,Fausto,Treutel,mclaughlin.zola@strosin.com,female,"1989-04-06 00:00:00",,,"2023-12-29 17:13:51"
199932,410,health,Nicolette,Rempel,gwendolyn05@yahoo.com,female,"1976-10-07 00:00:00",,,"2023-12-29 17:13:51"
199933,410,health,Megane,Bergnaum,ricky.wunsch@hotmail.com,male,"1980-08-18 00:00:00",,,"2023-12-29 17:13:51"
199947,410,health,Roel,Corkery,kendrick06@gutkowski.com,female,"1986-10-11 00:00:00",,,"2023-12-29 17:13:51"
199948,410,health,Mohamed,Homenick,demond.schiller@gmail.com,male,"1983-03-06 00:00:00",,,"2023-12-29 17:13:51"
199949,410,health,Abraham,Pfannerstill,grant.joshua@hermann.com,male,"1997-02-10 00:00:00",,,"2023-12-29 17:13:51"
199951,410,health,Ella,Waelchi,stokes.fabian@kling.info,female,"1996-05-19 00:00:00",,,"2023-12-29 17:13:51"
199958,410,health,Otilia,Kuhlman,elody.kling@hotmail.com,female,"1999-03-23 00:00:00",,,"2023-12-29 17:13:51"
199961,410,health,Olga,Toy,hamill.regan@yahoo.com,female,"1985-10-19 00:00:00",,,"2023-12-29 17:13:51"
199972,410,health,Emelie,Gerlach,baumbach.anais@gmail.com,male,"1994-04-08 00:00:00",,,"2023-12-29 17:13:51"
199985,410,health,Ryley,Stokes,herman.aliza@hotmail.com,male,"1983-05-20 00:00:00",,,"2023-12-29 17:13:51"
199997,410,health,Flavie,Gutmann,lucio92@hotmail.com,female,"1994-11-21 00:00:00",,,"2023-12-29 17:13:51"
